<annotation>
	<folder>my-project-name</folder>
	<filename>image16a.JPG</filename>
	<path>/my-project-name/image16a.JPG</path>
	<source>
		<database>Unspecified</database>
	</source>
	<size>
		<width>1024</width>
		<height>1024</height>
		<depth>3</depth>
	</size>
	<object>
		<name>flank_wear</name>
		<pose>Unspecified</pose>
		<truncated>Unspecified</truncated>
		<difficult>Unspecified</difficult>
		<bndbox>
			<xmin>235</xmin>
			<ymin>233</ymin>
			<xmax>885</xmax>
			<ymax>381</ymax>
		</bndbox>
	</object>
</annotation>