<annotation>
	<folder>my-project-name</folder>
	<filename>image49a - Copy.JPG</filename>
	<path>/my-project-name/image49a - Copy.JPG</path>
	<source>
		<database>Unspecified</database>
	</source>
	<size>
		<width>1024</width>
		<height>1024</height>
		<depth>3</depth>
	</size>
	<object>
		<name>flank_wear</name>
		<pose>Unspecified</pose>
		<truncated>Unspecified</truncated>
		<difficult>Unspecified</difficult>
		<bndbox>
			<xmin>308</xmin>
			<ymin>219</ymin>
			<xmax>417</xmax>
			<ymax>273</ymax>
		</bndbox>
	</object>
</annotation>